method,rmse_to_target,rank_rate,max_violation
original,0.08050119439415614,1.0,0.0
logit_shift,5.1989994291652645e-17,0.9770940170940171,0.27536609070452966
rpc_strict,0.264619019334736,1.0,0.0
rpc_eps_0.01,0.24594145971630887,0.8674321813452248,0.010000000000000231
rpc_eps_0.05,0.2145957717021834,0.835867707172055,0.05000000000000072
